# ;;;;;;Nedladdat från datavärdskapet för luft, SMHI, http://www.smhi.se/datavardluft, 2025-12-08 15:54:00
# ;;;;;;Tidsangivelser i UTC+1, Svensk normaltid
#
#Stationsnamn;Nationell stationskod;Klassificering;Longitud;Latitud
#Umeå Förskolan Uven;37658;Urban Background;20.2893;63.8208
#
#Ämne;Ämnesbeskrivning;Enhet;Mäthöjd;Inlet-id
#PM2.5;Particulate matter < 2.5 µm;ug.m-3;3;1636
#
Start;Slut;PM2.5 (1636)
2015-01-03;2015-01-04;1.07
2015-01-04;2015-01-05;1.79
2015-01-05;2015-01-06;4.39
2015-01-06;2015-01-07;2.61
2015-01-07;2015-01-08;2.03
2015-01-08;2015-01-09;1.61
2015-01-09;2015-01-10;1.69
2015-01-10;2015-01-11;5.57
2015-01-11;2015-01-12;6.49
2015-01-12;2015-01-13;6.80
2015-01-13;2015-01-14;7.25
2015-01-14;2015-01-15;12.9
2015-01-15;2015-01-16;6.22
2015-01-16;2015-01-17;1.61
2015-01-17;2015-01-18;3.52
2015-01-18;2015-01-19;2.12
2015-01-19;2015-01-20;3.75
2015-01-20;2015-01-21;5.13
2015-01-21;2015-01-22;5.35
2015-01-22;2015-01-23;4.32
2015-01-23;2015-01-24;
2015-01-24;2015-01-25;
2015-01-25;2015-01-26;
2015-01-26;2015-01-27;
2015-01-27;2015-01-28;
2015-01-28;2015-01-29;
2015-01-29;2015-01-30;
2015-01-30;2015-01-31;
2015-01-31;2015-02-01;
2015-02-01;2015-02-02;
2015-02-02;2015-02-03;
2015-02-03;2015-02-04;
2015-02-04;2015-02-05;
2015-02-05;2015-02-06;
2015-02-06;2015-02-07;
2015-02-07;2015-02-08;1.85
2015-02-08;2015-02-09;1.92
2015-02-09;2015-02-10;2.52
2015-02-10;2015-02-11;1.38
2015-02-11;2015-02-12;1.54
2015-02-12;2015-02-13;2.45
2015-02-13;2015-02-14;4.48
2015-02-14;2015-02-15;2.74
2015-02-15;2015-02-16;2.27
2015-02-16;2015-02-17;2.54
2015-02-17;2015-02-18;6.15
2015-02-18;2015-02-19;2.41
2015-02-19;2015-02-20;2.65
2015-02-20;2015-02-21;2.30
2015-02-21;2015-02-22;2.41
2015-02-22;2015-02-23;1.98
2015-02-23;2015-02-24;5.21
2015-02-24;2015-02-25;6.18
2015-02-25;2015-02-26;5.53
2015-02-26;2015-02-27;3.54
2015-02-27;2015-02-28;8.25
2015-02-28;2015-03-01;7.04
2015-03-01;2015-03-02;7.25
2015-03-02;2015-03-03;9.56
2015-03-03;2015-03-04;2.43
2015-03-04;2015-03-05;4.05
2015-03-05;2015-03-06;1.81
2015-03-06;2015-03-07;2.40
2015-03-07;2015-03-08;3.86
2015-03-08;2015-03-09;3.59
2015-03-09;2015-03-10;2.56
2015-03-10;2015-03-11;2.87
2015-03-11;2015-03-12;6.96
2015-03-12;2015-03-13;4.52
2015-03-13;2015-03-14;2.96
2015-03-14;2015-03-15;5.28
2015-03-15;2015-03-16;5.88
2015-03-16;2015-03-17;7.27
2015-03-17;2015-03-18;9.81
2015-03-18;2015-03-19;9.54
2015-03-19;2015-03-20;8.69
2015-03-20;2015-03-21;4.99
2015-03-21;2015-03-22;3.70
2015-03-22;2015-03-23;2.85
2015-03-23;2015-03-24;2.30
2015-03-24;2015-03-25;4.77
2015-03-25;2015-03-26;11.3
2015-03-26;2015-03-27;16.9
2015-03-27;2015-03-28;12.1
2015-03-28;2015-03-29;5.75
2015-03-29;2015-03-30;4.30
2015-03-30;2015-03-31;3.25
2015-03-31;2015-04-01;2.39
2015-04-01;2015-04-02;2.59
2015-04-02;2015-04-03;2.92
2015-04-03;2015-04-04;2.96
2015-04-04;2015-04-05;2.50
2015-04-05;2015-04-06;7.98
2015-04-06;2015-04-07;4.06
2015-04-07;2015-04-08;4.19
2015-04-08;2015-04-09;14.3
2015-04-09;2015-04-10;9.90
2015-04-10;2015-04-11;3.77
2015-04-11;2015-04-12;3.27
2015-04-12;2015-04-13;9.92
2015-04-13;2015-04-14;1.51
2015-04-14;2015-04-15;2.29
2015-04-15;2015-04-16;3.61
2015-04-16;2015-04-17;2.16
2015-04-17;2015-04-18;7.50
2015-04-18;2015-04-19;3.85
2015-04-19;2015-04-20;3.34
2015-04-20;2015-04-21;3.30
2015-04-21;2015-04-22;5.08
2015-04-22;2015-04-23;4.21
2015-04-23;2015-04-24;1.92
2015-04-24;2015-04-25;1.89
2015-04-25;2015-04-26;3.92
2015-04-26;2015-04-27;1.94
2015-04-27;2015-04-28;2.43
2015-04-28;2015-04-29;3.90
2015-04-29;2015-04-30;4.53
2015-04-30;2015-05-01;4.91
2015-05-01;2015-05-02;5.48
2015-05-02;2015-05-03;2.76
2015-05-03;2015-05-04;2.23
2015-05-04;2015-05-05;3.08
2015-05-05;2015-05-06;4.19
2015-05-06;2015-05-07;6.89
2015-05-07;2015-05-08;17.1
2015-05-08;2015-05-09;5.59
2015-05-09;2015-05-10;2.94
2015-05-10;2015-05-11;3.32
2015-05-11;2015-05-12;3.57
2015-05-12;2015-05-13;3.68
2015-05-13;2015-05-14;3.23
2015-05-14;2015-05-15;1.47
2015-05-15;2015-05-16;1.45
2015-05-16;2015-05-17;2.16
2015-05-17;2015-05-18;1.98
2015-05-18;2015-05-19;3.25
2015-05-19;2015-05-20;2.70
2015-05-20;2015-05-21;2.79
2015-05-21;2015-05-22;2.52
2015-05-22;2015-05-23;5.30
2015-05-23;2015-05-24;1.90
2015-05-24;2015-05-25;1.56
2015-05-25;2015-05-26;2.45
2015-05-26;2015-05-27;6.24
2015-05-27;2015-05-28;1.89
2015-05-28;2015-05-29;2.74
2015-05-29;2015-05-30;3.45
2015-05-30;2015-05-31;2.76
2015-05-31;2015-06-01;2.85
2015-06-01;2015-06-02;3.34
2015-06-02;2015-06-03;3.83
2015-06-03;2015-06-04;2.67
2015-06-04;2015-06-05;1.87
2015-06-05;2015-06-06;2.00
2015-06-06;2015-06-07;2.99
2015-06-07;2015-06-08;2.87
2015-06-08;2015-06-09;1.92
2015-06-09;2015-06-10;1.67
2015-06-10;2015-06-11;2.36
2015-06-11;2015-06-12;2.72
2015-06-12;2015-06-13;1.73
2015-06-13;2015-06-14;1.43
2015-06-14;2015-06-15;1.79
2015-06-15;2015-06-16;1.54
2015-06-16;2015-06-17;1.50
2015-06-17;2015-06-18;2.12
2015-06-18;2015-06-19;2.56
2015-06-19;2015-06-20;3.21
2015-06-20;2015-06-21;3.64
2015-06-21;2015-06-22;5.08
2015-06-22;2015-06-23;7.25
2015-06-23;2015-06-24;3.70
2015-06-24;2015-06-25;3.30
2015-06-25;2015-06-26;1.85
2015-06-26;2015-06-27;1.92
2015-06-27;2015-06-28;2.09
2015-06-28;2015-06-29;2.92
2015-06-29;2015-06-30;4.81
2015-06-30;2015-07-01;3.08
2015-07-01;2015-07-02;3.05
2015-07-02;2015-07-03;5.26
2015-07-03;2015-07-04;10.8
2015-07-04;2015-07-05;3.05
2015-07-05;2015-07-06;2.07
2015-07-06;2015-07-07;2.79
2015-07-07;2015-07-08;3.63
2015-07-08;2015-07-09;2.85
2015-07-09;2015-07-10;2.39
2015-07-10;2015-07-11;2.78
2015-07-11;2015-07-12;4.84
2015-07-12;2015-07-13;4.37
2015-07-13;2015-07-14;4.53
2015-07-14;2015-07-15;5.57
2015-07-15;2015-07-16;4.24
2015-07-16;2015-07-17;4.50
2015-07-17;2015-07-18;2.67
2015-07-18;2015-07-19;2.56
2015-07-19;2015-07-20;2.07
2015-07-20;2015-07-21;2.34
2015-07-21;2015-07-22;1.81
2015-07-22;2015-07-23;3.05
2015-07-23;2015-07-24;2.81
2015-07-24;2015-07-25;2.76
2015-07-25;2015-07-26;1.72
2015-07-26;2015-07-27;3.12
2015-07-27;2015-07-28;1.96
2015-07-28;2015-07-29;3.45
2015-07-29;2015-07-30;4.21
2015-07-30;2015-07-31;3.41
2015-07-31;2015-08-01;2.29
2015-08-01;2015-08-02;1.60
2015-08-02;2015-08-03;1.76
2015-08-03;2015-08-04;1.49
2015-08-04;2015-08-05;2.30
2015-08-05;2015-08-06;4.19
2015-08-06;2015-08-07;5.13
2015-08-07;2015-08-08;5.75
2015-08-08;2015-08-09;4.93
2015-08-09;2015-08-10;2.25
2015-08-10;2015-08-11;2.80
2015-08-11;2015-08-12;5.91
2015-08-12;2015-08-13;2.90
2015-08-13;2015-08-14;1.96
2015-08-14;2015-08-15;2.12
2015-08-15;2015-08-16;1.72
2015-08-16;2015-08-17;4.79
2015-08-17;2015-08-18;4.75
2015-08-18;2015-08-19;6.15
2015-08-19;2015-08-20;6.47
2015-08-20;2015-08-21;7.78
2015-08-21;2015-08-22;6.49
2015-08-22;2015-08-23;8.45
2015-08-23;2015-08-24;7.93
2015-08-24;2015-08-25;9.39
2015-08-25;2015-08-26;9.18
2015-08-26;2015-08-27;6.09
2015-08-27;2015-08-28;4.53
2015-08-28;2015-08-29;2.47
2015-08-29;2015-08-30;1.98
2015-08-30;2015-08-31;2.41
2015-08-31;2015-09-01;2.79
2015-09-01;2015-09-02;2.25
2015-09-02;2015-09-03;1.70
2015-09-03;2015-09-04;2.47
2015-09-04;2015-09-05;3.39
2015-09-05;2015-09-06;1.94
2015-09-06;2015-09-07;1.27
2015-09-07;2015-09-08;1.58
2015-09-08;2015-09-09;1.47
2015-09-09;2015-09-10;3.81
2015-09-10;2015-09-11;4.79
2015-09-11;2015-09-12;5.53
2015-09-12;2015-09-13;6.20
2015-09-13;2015-09-14;4.55
2015-09-14;2015-09-15;5.71
2015-09-15;2015-09-16;5.86
2015-09-16;2015-09-17;5.60
2015-09-17;2015-09-18;6.04
2015-09-18;2015-09-19;6.27
2015-09-19;2015-09-20;1.22
2015-09-20;2015-09-21;0.925
2015-09-21;2015-09-22;1.52
2015-09-22;2015-09-23;2.63
2015-09-23;2015-09-24;3.08
2015-09-24;2015-09-25;10.0
2015-09-25;2015-09-26;3.59
2015-09-26;2015-09-27;1.38
2015-09-27;2015-09-28;1.11
2015-09-28;2015-09-29;2.74
2015-09-29;2015-09-30;3.43
2015-09-30;2015-10-01;2.45
2015-10-01;2015-10-02;1.18
2015-10-02;2015-10-03;2.86
2015-10-03;2015-10-04;1.85
2015-10-04;2015-10-05;1.65
2015-10-05;2015-10-06;2.32
2015-10-06;2015-10-07;3.05
2015-10-07;2015-10-08;6.24
2015-10-08;2015-10-09;2.36
2015-10-09;2015-10-10;3.39
2015-10-10;2015-10-11;6.07
2015-10-11;2015-10-12;4.15
2015-10-12;2015-10-13;4.77
2015-10-13;2015-10-14;4.28
2015-10-14;2015-10-15;5.06
2015-10-15;2015-10-16;2.99
2015-10-16;2015-10-17;3.06
2015-10-17;2015-10-18;2.05
2015-10-18;2015-10-19;3.34
2015-10-19;2015-10-20;3.85
2015-10-20;2015-10-21;1.83
2015-10-21;2015-10-22;2.14
2015-10-22;2015-10-23;1.98
2015-10-23;2015-10-24;2.14
2015-10-24;2015-10-25;3.56
2015-10-25;2015-10-26;3.55
2015-10-26;2015-10-27;1.83
2015-10-27;2015-10-28;6.62
2015-10-28;2015-10-29;8.99
2015-10-29;2015-10-30;3.46
2015-10-30;2015-10-31;5.04
2015-10-31;2015-11-01;5.28
2015-11-01;2015-11-02;5.30
2015-11-02;2015-11-03;1.65
2015-11-03;2015-11-04;3.39
2015-11-04;2015-11-05;1.94
2015-11-05;2015-11-06;7.14
2015-11-06;2015-11-07;3.25
2015-11-07;2015-11-08;4.44
2015-11-08;2015-11-09;2.41
2015-11-09;2015-11-10;2.18
2015-11-10;2015-11-11;1.45
2015-11-11;2015-11-12;2.39
2015-11-12;2015-11-13;1.61
2015-11-13;2015-11-14;1.86
2015-11-14;2015-11-15;1.23
2015-11-15;2015-11-16;1.09
2015-11-16;2015-11-17;1.31
2015-11-17;2015-11-18;1.09
2015-11-18;2015-11-19;1.27
2015-11-19;2015-11-20;1.78
2015-11-20;2015-11-21;1.45
2015-11-21;2015-11-22;3.54
2015-11-22;2015-11-23;1.11
2015-11-23;2015-11-24;5.11
2015-11-24;2015-11-25;2.63
2015-11-25;2015-11-26;1.38
2015-11-26;2015-11-27;1.27
2015-11-27;2015-11-28;1.45
2015-11-28;2015-11-29;1.56
2015-11-29;2015-11-30;1.72
2015-11-30;2015-12-01;1.83
2015-12-01;2015-12-02;1.85
2015-12-02;2015-12-03;3.05
2015-12-03;2015-12-04;1.60
2015-12-04;2015-12-05;1.18
2015-12-05;2015-12-06;1.38
2015-12-06;2015-12-07;1.31
2015-12-07;2015-12-08;1.78
2015-12-08;2015-12-09;2.81
2015-12-09;2015-12-10;2.54
2015-12-10;2015-12-11;2.63
2015-12-11;2015-12-12;4.96
2015-12-12;2015-12-13;2.23
2015-12-13;2015-12-14;2.48
2015-12-14;2015-12-15;2.38
2015-12-15;2015-12-16;4.93
2015-12-16;2015-12-17;2.25
2015-12-17;2015-12-18;1.63
2015-12-18;2015-12-19;1.96
2015-12-19;2015-12-20;1.22
2015-12-20;2015-12-21;1.94
2015-12-21;2015-12-22;2.00
2015-12-22;2015-12-23;3.03
2015-12-23;2015-12-24;3.34
2015-12-24;2015-12-25;3.03
2015-12-25;2015-12-26;2.34
2015-12-26;2015-12-27;2.41
2015-12-27;2015-12-28;2.56
2015-12-28;2015-12-29;3.68
2015-12-29;2015-12-30;4.24
2015-12-30;2015-12-31;2.94
2015-12-31;2016-01-01;6.11
2016-01-01;2016-01-02;5.90
2016-01-02;2016-01-03;4.00
2016-01-03;2016-01-04;3.90
2016-01-04;2016-01-05;5.40
2016-01-05;2016-01-06;4.20
2016-01-06;2016-01-07;5.90
2016-01-07;2016-01-08;8.50
2016-01-08;2016-01-09;8.10
2016-01-09;2016-01-10;6.70
2016-01-10;2016-01-11;13.0
2016-01-11;2016-01-12;5.90
2016-01-12;2016-01-13;5.50
2016-01-13;2016-01-14;5.90
2016-01-14;2016-01-15;2.60
2016-01-15;2016-01-16;4.00
2016-01-16;2016-01-17;1.90
2016-01-17;2016-01-18;5.60
2016-01-18;2016-01-19;5.90
2016-01-19;2016-01-20;5.80
2016-01-20;2016-01-21;5.40
2016-01-21;2016-01-22;7.50
2016-01-22;2016-01-23;5.60
2016-01-23;2016-01-24;10.0
2016-01-24;2016-01-25;8.80
2016-01-25;2016-01-26;7.70
2016-01-26;2016-01-27;1.80
2016-01-27;2016-01-28;1.30
2016-01-28;2016-01-29;1.30
2016-01-29;2016-01-30;2.40
2016-01-30;2016-01-31;2.40
2016-01-31;2016-02-01;2.10
2016-02-01;2016-02-02;2.20
2016-02-02;2016-02-03;1.60
2016-02-03;2016-02-04;5.00
2016-02-04;2016-02-05;4.70
2016-02-05;2016-02-06;3.40
2016-02-06;2016-02-07;2.30
2016-02-07;2016-02-08;5.00
2016-02-08;2016-02-09;6.90
2016-02-09;2016-02-10;3.30
2016-02-10;2016-02-11;1.90
2016-02-11;2016-02-12;0.870
2016-02-12;2016-02-13;1.60
2016-02-13;2016-02-14;1.10
2016-02-14;2016-02-15;3.00
2016-02-15;2016-02-16;1.80
2016-02-16;2016-02-17;2.00
2016-02-17;2016-02-18;3.00
2016-02-18;2016-02-19;3.20
2016-02-19;2016-02-20;5.00
2016-02-20;2016-02-21;9.80
2016-02-21;2016-02-22;2.70
2016-02-22;2016-02-23;5.30
2016-02-23;2016-02-24;5.50
2016-02-24;2016-02-25;3.00
2016-02-25;2016-02-26;6.30
2016-02-26;2016-02-27;6.80
2016-02-27;2016-02-28;5.20
2016-02-28;2016-02-29;5.00
2016-02-29;2016-03-01;4.70
2016-03-01;2016-03-02;3.10
2016-03-02;2016-03-03;4.20
2016-03-03;2016-03-04;4.60
2016-03-04;2016-03-05;6.80
2016-03-05;2016-03-06;10.0
2016-03-06;2016-03-07;7.10
2016-03-07;2016-03-08;3.90
2016-03-08;2016-03-09;7.20
2016-03-09;2016-03-10;6.70
2016-03-10;2016-03-11;3.70
2016-03-11;2016-03-12;3.90
2016-03-12;2016-03-13;3.40
2016-03-13;2016-03-14;5.00
2016-03-14;2016-03-15;4.80
2016-03-15;2016-03-16;2.30
2016-03-16;2016-03-17;1.40
2016-03-17;2016-03-18;1.40
2016-03-18;2016-03-19;1.70
2016-03-19;2016-03-20;2.70
2016-03-20;2016-03-21;1.80
2016-03-21;2016-03-22;2.20
2016-03-22;2016-03-23;3.70
2016-03-23;2016-03-24;4.00
2016-03-24;2016-03-25;2.30
2016-03-25;2016-03-26;2.00
2016-03-26;2016-03-27;1.70
2016-03-27;2016-03-28;4.60
2016-03-28;2016-03-29;6.40
2016-03-29;2016-03-30;18.0
2016-03-30;2016-03-31;8.00
2016-03-31;2016-04-01;5.90
2016-04-01;2016-04-02;5.00
2016-04-02;2016-04-03;3.10
2016-04-03;2016-04-04;3.80
2016-04-04;2016-04-05;4.60
2016-04-05;2016-04-06;5.50
2016-04-06;2016-04-07;4.40
2016-04-07;2016-04-08;3.20
2016-04-08;2016-04-09;4.20
2016-04-09;2016-04-10;6.00
2016-04-10;2016-04-11;4.50
2016-04-11;2016-04-12;16.0
2016-04-12;2016-04-13;8.90
2016-04-13;2016-04-14;5.30
2016-04-14;2016-04-15;3.00
2016-04-15;2016-04-16;3.70
2016-04-16;2016-04-17;4.80
2016-04-17;2016-04-18;4.00
2016-04-18;2016-04-19;2.60
2016-04-19;2016-04-20;2.20
2016-04-20;2016-04-21;3.10
2016-04-21;2016-04-22;4.00
2016-04-22;2016-04-23;3.30
2016-04-23;2016-04-24;2.50
2016-04-24;2016-04-25;2.70
2016-04-25;2016-04-26;2.50
2016-04-26;2016-04-27;2.80
2016-04-27;2016-04-28;1.70
2016-04-28;2016-04-29;3.40
2016-04-29;2016-04-30;4.40
2016-04-30;2016-05-01;4.10
2016-05-01;2016-05-02;5.70
2016-05-02;2016-05-03;4.70
2016-05-03;2016-05-04;12.0
2016-05-04;2016-05-05;7.90
2016-05-05;2016-05-06;4.60
2016-05-06;2016-05-07;6.50
2016-05-07;2016-05-08;6.40
2016-05-08;2016-05-09;7.00
2016-05-09;2016-05-10;3.00
2016-05-10;2016-05-11;2.20
2016-05-11;2016-05-12;1.50
2016-05-12;2016-05-13;7.40
2016-05-13;2016-05-14;1.20
2016-05-14;2016-05-15;1.80
2016-05-15;2016-05-16;2.10
2016-05-16;2016-05-17;1.70
2016-05-17;2016-05-18;2.80
2016-05-18;2016-05-19;1.90
2016-05-19;2016-05-20;2.50
2016-05-20;2016-05-21;1.70
2016-05-21;2016-05-22;5.00
2016-05-22;2016-05-23;5.40
2016-05-23;2016-05-24;7.20
2016-05-24;2016-05-25;3.00
2016-05-25;2016-05-26;
2016-05-26;2016-05-27;4.20
2016-05-27;2016-05-28;3.70
2016-05-28;2016-05-29;3.60
2016-05-29;2016-05-30;6.30
2016-05-30;2016-05-31;5.00
2016-05-31;2016-06-01;6.60
2016-06-01;2016-06-02;9.80
2016-06-02;2016-06-03;6.00
2016-06-03;2016-06-04;5.40
2016-06-04;2016-06-05;2.10
2016-06-05;2016-06-06;2.90
2016-06-06;2016-06-07;3.30
2016-06-07;2016-06-08;7.80
2016-06-08;2016-06-09;
2016-06-09;2016-06-10;1.70
2016-06-10;2016-06-11;4.30
2016-06-11;2016-06-12;3.30
2016-06-12;2016-06-13;3.40
2016-06-13;2016-06-14;3.00
2016-06-14;2016-06-15;2.20
2016-06-15;2016-06-16;3.90
2016-06-16;2016-06-17;5.40
2016-06-17;2016-06-18;4.40
2016-06-18;2016-06-19;3.40
2016-06-19;2016-06-20;1.30
2016-06-20;2016-06-21;2.40
2016-06-21;2016-06-22;5.40
2016-06-22;2016-06-23;3.90
2016-06-23;2016-06-24;5.90
2016-06-24;2016-06-25;5.70
2016-06-25;2016-06-26;4.90
2016-06-26;2016-06-27;3.30
2016-06-27;2016-06-28;3.70
2016-06-28;2016-06-29;4.30
2016-06-29;2016-06-30;4.50
2016-06-30;2016-07-01;4.50
2016-07-01;2016-07-02;5.60
2016-07-02;2016-07-03;6.40
2016-07-03;2016-07-04;3.60
2016-07-04;2016-07-05;2.30
2016-07-05;2016-07-06;2.00
2016-07-06;2016-07-07;2.00
2016-07-07;2016-07-08;1.10
2016-07-08;2016-07-09;1.10
2016-07-09;2016-07-10;3.90
2016-07-10;2016-07-11;3.00
2016-07-11;2016-07-12;3.90
2016-07-12;2016-07-13;3.90
2016-07-13;2016-07-14;4.70
2016-07-14;2016-07-15;4.50
2016-07-15;2016-07-16;4.50
2016-07-16;2016-07-17;3.30
2016-07-17;2016-07-18;2.30
2016-07-18;2016-07-19;1.30
2016-07-19;2016-07-20;1.30
2016-07-20;2016-07-21;2.60
2016-07-21;2016-07-22;2.50
2016-07-22;2016-07-23;2.80
2016-07-23;2016-07-24;5.20
2016-07-24;2016-07-25;6.80
2016-07-25;2016-07-26;8.60
2016-07-26;2016-07-27;11.0
2016-07-27;2016-07-28;4.50
2016-07-28;2016-07-29;3.70
2016-07-29;2016-07-30;3.80
2016-07-30;2016-07-31;5.00
2016-07-31;2016-08-01;3.60
2016-08-01;2016-08-02;1.50
2016-08-02;2016-08-03;2.10
2016-08-03;2016-08-04;2.10
2016-08-04;2016-08-05;3.00
2016-08-05;2016-08-06;2.80
2016-08-06;2016-08-07;3.10
2016-08-07;2016-08-08;2.40
2016-08-08;2016-08-09;3.70
2016-08-09;2016-08-10;2.50
2016-08-10;2016-08-11;1.10
2016-08-11;2016-08-12;1.10
2016-08-12;2016-08-13;1.20
2016-08-13;2016-08-14;1.10
2016-08-14;2016-08-15;1.50
2016-08-15;2016-08-16;2.50
2016-08-16;2016-08-17;1.90
2016-08-17;2016-08-18;2.60
2016-08-18;2016-08-19;3.60
2016-08-19;2016-08-20;4.00
2016-08-20;2016-08-21;3.90
2016-08-21;2016-08-22;3.00
2016-08-22;2016-08-23;2.10
2016-08-23;2016-08-24;2.60
2016-08-24;2016-08-25;2.10
2016-08-25;2016-08-26;1.70
2016-08-26;2016-08-27;2.00
2016-08-27;2016-08-28;2.40
2016-08-28;2016-08-29;1.30
2016-08-29;2016-08-30;2.40
2016-08-30;2016-08-31;2.20
2016-08-31;2016-09-01;2.70
2016-09-01;2016-09-02;3.00
2016-09-02;2016-09-03;1.50
2016-09-03;2016-09-04;1.50
2016-09-04;2016-09-05;2.40
2016-09-05;2016-09-06;1.00
2016-09-06;2016-09-07;2.90
2016-09-07;2016-09-08;3.10
2016-09-08;2016-09-09;0.980
2016-09-09;2016-09-10;1.70
2016-09-10;2016-09-11;2.80
2016-09-11;2016-09-12;3.30
2016-09-12;2016-09-13;2.20
2016-09-13;2016-09-14;2.20
2016-09-14;2016-09-15;2.30
2016-09-15;2016-09-16;2.70
2016-09-16;2016-09-17;2.30
2016-09-17;2016-09-18;3.40
2016-09-18;2016-09-19;4.10
2016-09-19;2016-09-20;5.80
2016-09-20;2016-09-21;4.50
2016-09-21;2016-09-22;6.60
2016-09-22;2016-09-23;6.80
2016-09-23;2016-09-24;6.80
2016-09-24;2016-09-25;5.20
2016-09-25;2016-09-26;4.60
2016-09-26;2016-09-27;5.50
2016-09-27;2016-09-28;6.90
2016-09-28;2016-09-29;4.50
2016-09-29;2016-09-30;1.00
2016-09-30;2016-10-01;0.930
2016-10-01;2016-10-02;0.820
2016-10-02;2016-10-03;1.40
2016-10-03;2016-10-04;1.60
2016-10-04;2016-10-05;1.80
2016-10-05;2016-10-06;3.50
2016-10-06;2016-10-07;3.50
2016-10-07;2016-10-08;2.40
2016-10-08;2016-10-09;3.80
2016-10-09;2016-10-10;3.30
2016-10-10;2016-10-11;3.10
2016-10-11;2016-10-12;4.80
2016-10-12;2016-10-13;4.80
2016-10-13;2016-10-14;5.30
2016-10-14;2016-10-15;4.40
2016-10-15;2016-10-16;2.30
2016-10-16;2016-10-17;2.60
2016-10-17;2016-10-18;3.50
2016-10-18;2016-10-19;5.30
2016-10-19;2016-10-20;8.10
2016-10-20;2016-10-21;12.0
2016-10-21;2016-10-22;9.60
2016-10-22;2016-10-23;6.80
2016-10-23;2016-10-24;5.70
2016-10-24;2016-10-25;7.10
2016-10-25;2016-10-26;7.80
2016-10-26;2016-10-27;8.20
2016-10-27;2016-10-28;3.70
2016-10-28;2016-10-29;3.00
2016-10-29;2016-10-30;
2016-10-30;2016-10-31;2.00
2016-10-31;2016-11-01;2.10
2016-11-01;2016-11-02;2.40
2016-11-02;2016-11-03;2.10
2016-11-03;2016-11-04;2.10
2016-11-04;2016-11-05;3.00
2016-11-05;2016-11-06;4.10
2016-11-06;2016-11-07;3.70
2016-11-07;2016-11-08;4.80
2016-11-08;2016-11-09;3.00
2016-11-09;2016-11-10;2.70
2016-11-10;2016-11-11;5.60
2016-11-11;2016-11-12;6.80
2016-11-12;2016-11-13;6.00
2016-11-13;2016-11-14;4.50
2016-11-14;2016-11-15;0.180
2016-11-15;2016-11-16;
2016-11-16;2016-11-17;2.30
2016-11-17;2016-11-18;1.30
2016-11-18;2016-11-19;1.70
2016-11-19;2016-11-20;1.30
2016-11-20;2016-11-21;2.00
2016-11-21;2016-11-22;2.20
2016-11-22;2016-11-23;4.40
2016-11-23;2016-11-24;6.40
2016-11-24;2016-11-25;1.10
2016-11-25;2016-11-26;2.00
2016-11-26;2016-11-27;0.820
2016-11-27;2016-11-28;1.30
2016-11-28;2016-11-29;1.40
2016-11-29;2016-11-30;1.80
2016-11-30;2016-12-01;1.20
2016-12-01;2016-12-02;1.50
2016-12-02;2016-12-03;2.00
2016-12-03;2016-12-04;3.00
2016-12-04;2016-12-05;2.90
2016-12-05;2016-12-06;1.60
2016-12-06;2016-12-07;5.20
2016-12-07;2016-12-08;1.90
2016-12-08;2016-12-09;5.20
2016-12-09;2016-12-10;1.40
2016-12-10;2016-12-11;1.90
2016-12-11;2016-12-12;2.50
2016-12-12;2016-12-13;1.70
2016-12-13;2016-12-14;1.80
2016-12-14;2016-12-15;5.20
2016-12-15;2016-12-16;4.70
2016-12-16;2016-12-17;4.70
2016-12-17;2016-12-18;7.30
2016-12-18;2016-12-19;1.40
2016-12-19;2016-12-20;1.30
2016-12-20;2016-12-21;1.70
2016-12-21;2016-12-22;2.50
2016-12-22;2016-12-23;2.20
2016-12-23;2016-12-24;1.90
2016-12-24;2016-12-25;1.90
2016-12-25;2016-12-26;1.80
2016-12-26;2016-12-27;3.00
2016-12-27;2016-12-28;1.10
2016-12-28;2016-12-29;2.60
2016-12-29;2016-12-30;3.50
2016-12-30;2016-12-31;2.00
2016-12-31;2017-01-01;2.60
2017-01-01;2017-01-02;3.90
2017-01-02;2017-01-03;2.40
2017-01-03;2017-01-04;2.40
2017-01-04;2017-01-05;3.10
2017-01-05;2017-01-06;5.10
2017-01-06;2017-01-07;5.80
2017-01-07;2017-01-08;2.40
2017-01-08;2017-01-09;1.50
2017-01-09;2017-01-10;2.90
2017-01-10;2017-01-11;2.30
2017-01-11;2017-01-12;7.40
2017-01-12;2017-01-13;8.40
2017-01-13;2017-01-14;8.30
2017-01-14;2017-01-15;4.70
2017-01-15;2017-01-16;3.90
2017-01-16;2017-01-17;3.80
2017-01-17;2017-01-18;2.70
2017-01-18;2017-01-19;1.90
2017-01-19;2017-01-20;2.40
2017-01-20;2017-01-21;2.80
2017-01-21;2017-01-22;3.20
2017-01-22;2017-01-23;1.50
2017-01-23;2017-01-24;1.20
2017-01-24;2017-01-25;3.20
2017-01-25;2017-01-26;2.40
2017-01-26;2017-01-27;2.10
2017-01-27;2017-01-28;6.70
2017-01-28;2017-01-29;6.30
2017-01-29;2017-01-30;13.4
2017-01-30;2017-01-31;6.10
2017-01-31;2017-02-01;5.00
2017-02-01;2017-02-02;2.60
2017-02-02;2017-02-03;4.00
2017-02-03;2017-02-04;6.90
2017-02-04;2017-02-05;9.40
2017-02-05;2017-02-06;3.30
2017-02-06;2017-02-07;2.40
2017-02-07;2017-02-08;5.40
2017-02-08;2017-02-09;4.60
2017-02-09;2017-02-10;2.80
2017-02-10;2017-02-11;5.50
2017-02-11;2017-02-12;4.30
2017-02-12;2017-02-13;3.90
2017-02-13;2017-02-14;0.800
2017-02-14;2017-02-15;2.30
2017-02-15;2017-02-16;2.90
2017-02-16;2017-02-17;3.50
2017-02-17;2017-02-18;1.50
2017-02-18;2017-02-19;1.10
2017-02-19;2017-02-20;1.10
2017-02-20;2017-02-21;2.50
2017-02-21;2017-02-22;3.20
2017-02-22;2017-02-23;2.40
2017-02-23;2017-02-24;2.40
2017-02-24;2017-02-25;1.80
2017-02-25;2017-02-26;2.80
2017-02-26;2017-02-27;3.20
2017-02-27;2017-02-28;4.60
2017-02-28;2017-03-01;2.80
2017-03-01;2017-03-02;3.60
2017-03-02;2017-03-03;3.20
2017-03-03;2017-03-04;1.90
2017-03-04;2017-03-05;2.70
2017-03-05;2017-03-06;3.40
2017-03-06;2017-03-07;5.00
2017-03-07;2017-03-08;3.80
2017-03-08;2017-03-09;4.10
2017-03-09;2017-03-10;3.50
2017-03-10;2017-03-11;2.50
2017-03-11;2017-03-12;1.30
2017-03-12;2017-03-13;3.20
2017-03-13;2017-03-14;4.40
2017-03-14;2017-03-15;3.10
2017-03-15;2017-03-16;1.10
2017-03-16;2017-03-17;1.60
2017-03-17;2017-03-18;2.40
2017-03-18;2017-03-19;1.80
2017-03-19;2017-03-20;2.10
2017-03-20;2017-03-21;2.30
2017-03-21;2017-03-22;2.30
2017-03-22;2017-03-23;0.900
2017-03-23;2017-03-24;2.40
2017-03-24;2017-03-25;1.50
2017-03-25;2017-03-26;2.30
2017-03-26;2017-03-27;2.20
2017-03-27;2017-03-28;2.40
2017-03-28;2017-03-29;2.90
2017-03-29;2017-03-30;4.80
2017-03-30;2017-03-31;2.50
2017-03-31;2017-04-01;1.90
2017-04-01;2017-04-02;1.80
2017-04-02;2017-04-03;2.90
2017-04-03;2017-04-04;2.70
2017-04-04;2017-04-05;2.50
2017-04-05;2017-04-06;3.50
2017-04-06;2017-04-07;2.80
2017-04-07;2017-04-08;3.20
2017-04-08;2017-04-09;2.60
2017-04-09;2017-04-10;1.20
2017-04-10;2017-04-11;2.90
2017-04-11;2017-04-12;3.20
2017-04-12;2017-04-13;3.30
2017-04-13;2017-04-14;6.90
2017-04-14;2017-04-15;4.30
2017-04-15;2017-04-16;4.50
2017-04-16;2017-04-17;3.80
2017-04-17;2017-04-18;5.10
2017-04-18;2017-04-19;4.20
2017-04-19;2017-04-20;5.20
2017-04-20;2017-04-21;4.70
2017-04-21;2017-04-22;5.80
2017-04-22;2017-04-23;2.10
2017-04-23;2017-04-24;3.20
2017-04-24;2017-04-25;2.80
2017-04-25;2017-04-26;8.80
2017-04-26;2017-04-27;4.00
2017-04-27;2017-04-28;4.40
2017-04-28;2017-04-29;5.80
2017-04-29;2017-04-30;6.10
2017-04-30;2017-05-01;
2017-05-01;2017-05-02;4.20
2017-05-02;2017-05-03;3.00
2017-05-03;2017-05-04;3.20
2017-05-04;2017-05-05;3.30
2017-05-05;2017-05-06;3.60
2017-05-06;2017-05-07;1.70
2017-05-07;2017-05-08;1.90
2017-05-08;2017-05-09;2.20
2017-05-09;2017-05-10;2.60
2017-05-10;2017-05-11;2.80
2017-05-11;2017-05-12;4.30
2017-05-12;2017-05-13;4.10
2017-05-13;2017-05-14;3.10
2017-05-14;2017-05-15;3.80
2017-05-15;2017-05-16;3.50
2017-05-16;2017-05-17;4.20
2017-05-17;2017-05-18;4.00
2017-05-18;2017-05-19;2.80
2017-05-19;2017-05-20;2.90
2017-05-20;2017-05-21;2.10
2017-05-21;2017-05-22;2.50
2017-05-22;2017-05-23;4.90
2017-05-23;2017-05-24;2.30
2017-05-24;2017-05-25;2.20
2017-05-25;2017-05-26;0.800
2017-05-26;2017-05-27;1.90
2017-05-27;2017-05-28;1.70
2017-05-28;2017-05-29;2.50
2017-05-29;2017-05-30;1.70
2017-05-30;2017-05-31;2.80
2017-05-31;2017-06-01;1.80
2017-06-01;2017-06-02;1.60
2017-06-02;2017-06-03;3.10
2017-06-03;2017-06-04;2.40
2017-06-04;2017-06-05;2.00
2017-06-05;2017-06-06;2.40
2017-06-06;2017-06-07;4.00
2017-06-07;2017-06-08;5.90
2017-06-08;2017-06-09;5.30
2017-06-09;2017-06-10;4.70
2017-06-10;2017-06-11;3.30
2017-06-11;2017-06-12;4.80
2017-06-12;2017-06-13;6.40
2017-06-13;2017-06-14;3.90
2017-06-14;2017-06-15;3.70
2017-06-15;2017-06-16;3.30
2017-06-16;2017-06-17;4.40
2017-06-17;2017-06-18;8.80
2017-06-18;2017-06-19;5.50
2017-06-19;2017-06-20;3.60
2017-06-20;2017-06-21;2.80
2017-06-21;2017-06-22;1.90
2017-06-22;2017-06-23;1.30
2017-06-23;2017-06-24;2.10
2017-06-24;2017-06-25;2.30
2017-06-25;2017-06-26;2.40
2017-06-26;2017-06-27;2.50
2017-06-27;2017-06-28;1.80
2017-06-28;2017-06-29;1.80
2017-06-29;2017-06-30;2.20
2017-06-30;2017-07-01;3.40
2017-07-01;2017-07-02;3.20
2017-07-02;2017-07-03;3.50
2017-07-03;2017-07-04;2.90
2017-07-04;2017-07-05;1.80
2017-07-05;2017-07-06;1.40
2017-07-06;2017-07-07;1.50
2017-07-07;2017-07-08;2.50
2017-07-08;2017-07-09;2.60
2017-07-09;2017-07-10;3.90
2017-07-10;2017-07-11;5.10
2017-07-11;2017-07-12;3.80
2017-07-12;2017-07-13;5.80
2017-07-13;2017-07-14;1.90
2017-07-14;2017-07-15;1.00
2017-07-15;2017-07-16;1.60
2017-07-16;2017-07-17;3.50
2017-07-17;2017-07-18;2.20
2017-07-18;2017-07-19;2.00
2017-07-19;2017-07-20;2.40
2017-07-20;2017-07-21;2.10
2017-07-21;2017-07-22;4.20
2017-07-22;2017-07-23;2.90
2017-07-23;2017-07-24;2.80
2017-07-24;2017-07-25;4.20
2017-07-25;2017-07-26;4.10
2017-07-26;2017-07-27;4.50
2017-07-27;2017-07-28;7.50
2017-07-28;2017-07-29;6.50
2017-07-29;2017-07-30;5.30
2017-07-30;2017-07-31;4.20
2017-07-31;2017-08-01;6.30
2017-08-01;2017-08-02;4.10
2017-08-02;2017-08-03;4.00
2017-08-03;2017-08-04;3.50
2017-08-04;2017-08-05;3.90
2017-08-05;2017-08-06;3.20
2017-08-06;2017-08-07;6.50
2017-08-07;2017-08-08;9.20
2017-08-08;2017-08-09;4.60
2017-08-09;2017-08-10;2.20
2017-08-10;2017-08-11;4.30
2017-08-11;2017-08-12;3.10
2017-08-12;2017-08-13;3.50
2017-08-13;2017-08-14;2.20
2017-08-14;2017-08-15;1.50
2017-08-15;2017-08-16;2.70
2017-08-16;2017-08-17;4.00
2017-08-17;2017-08-18;2.00
2017-08-18;2017-08-19;
2017-08-19;2017-08-20;
2017-08-20;2017-08-21;
2017-08-21;2017-08-22;
2017-08-22;2017-08-23;1.00
2017-08-23;2017-08-24;1.90
2017-08-24;2017-08-25;2.30
2017-08-25;2017-08-26;1.10
2017-08-26;2017-08-27;1.00
2017-08-27;2017-08-28;3.90
2017-08-28;2017-08-29;2.50
2017-08-29;2017-08-30;4.20
2017-08-30;2017-08-31;3.60
2017-08-31;2017-09-01;3.10
2017-09-01;2017-09-02;1.70
2017-09-02;2017-09-03;1.70
2017-09-03;2017-09-04;1.80
2017-09-04;2017-09-05;2.90
2017-09-05;2017-09-06;3.80
2017-09-06;2017-09-07;3.00
2017-09-07;2017-09-08;3.90
2017-09-08;2017-09-09;1.50
2017-09-09;2017-09-10;1.70
2017-09-10;2017-09-11;2.40
2017-09-11;2017-09-12;2.80
2017-09-12;2017-09-13;3.80
2017-09-13;2017-09-14;3.90
2017-09-14;2017-09-15;2.70
2017-09-15;2017-09-16;1.60
2017-09-16;2017-09-17;1.10
2017-09-17;2017-09-18;1.60
2017-09-18;2017-09-19;1.80
2017-09-19;2017-09-20;2.30
2017-09-20;2017-09-21;1.80
2017-09-21;2017-09-22;2.30
2017-09-22;2017-09-23;3.70
2017-09-23;2017-09-24;3.60
2017-09-24;2017-09-25;4.30
2017-09-25;2017-09-26;6.10
2017-09-26;2017-09-27;17.0
2017-09-27;2017-09-28;7.60
2017-09-28;2017-09-29;8.00
2017-09-29;2017-09-30;6.40
2017-09-30;2017-10-01;3.90
2017-10-01;2017-10-02;3.30
2017-10-02;2017-10-03;7.00
2017-10-03;2017-10-04;3.50
2017-10-04;2017-10-05;1.60
2017-10-05;2017-10-06;1.00
2017-10-06;2017-10-07;2.20
2017-10-07;2017-10-08;0.700
2017-10-08;2017-10-09;1.10
2017-10-09;2017-10-10;1.90
2017-10-10;2017-10-11;1.00
2017-10-11;2017-10-12;1.40
2017-10-12;2017-10-13;1.30
2017-10-13;2017-10-14;2.60
2017-10-14;2017-10-15;1.80
2017-10-15;2017-10-16;1.70
2017-10-16;2017-10-17;1.30
2017-10-17;2017-10-18;2.20
2017-10-18;2017-10-19;1.70
2017-10-19;2017-10-20;4.40
2017-10-20;2017-10-21;2.30
2017-10-21;2017-10-22;2.70
2017-10-22;2017-10-23;2.80
2017-10-23;2017-10-24;2.70
2017-10-24;2017-10-25;2.40
2017-10-25;2017-10-26;2.70
2017-10-26;2017-10-27;3.40
2017-10-27;2017-10-28;1.60
2017-10-28;2017-10-29;0.800
2017-10-29;2017-10-30;0.600
2017-10-30;2017-10-31;1.60
2017-10-31;2017-11-01;3.60
2017-11-01;2017-11-02;1.30
2017-11-02;2017-11-03;1.10
2017-11-03;2017-11-04;1.60
2017-11-04;2017-11-05;4.00
2017-11-05;2017-11-06;6.40
2017-11-06;2017-11-07;2.60
2017-11-07;2017-11-08;3.00
2017-11-08;2017-11-09;3.30
2017-11-09;2017-11-10;2.90
2017-11-10;2017-11-11;3.50
2017-11-11;2017-11-12;3.30
2017-11-12;2017-11-13;2.80
2017-11-13;2017-11-14;1.40
2017-11-14;2017-11-15;4.50
2017-11-15;2017-11-16;
2017-11-16;2017-11-17;1.40
2017-11-17;2017-11-18;1.90
2017-11-18;2017-11-19;1.50
2017-11-19;2017-11-20;3.60
2017-11-20;2017-11-21;2.20
2017-11-21;2017-11-22;2.20
2017-11-22;2017-11-23;2.70
2017-11-23;2017-11-24;4.30
2017-11-24;2017-11-25;3.00
2017-11-25;2017-11-26;4.40
2017-11-26;2017-11-27;1.60
2017-11-27;2017-11-28;1.20
2017-11-28;2017-11-29;1.00
2017-11-29;2017-11-30;1.70
2017-11-30;2017-12-01;3.10
2017-12-01;2017-12-02;4.30
2017-12-02;2017-12-03;1.50
2017-12-03;2017-12-04;1.90
2017-12-04;2017-12-05;2.20
2017-12-05;2017-12-06;2.50
2017-12-06;2017-12-07;4.40
2017-12-07;2017-12-08;1.40
2017-12-08;2017-12-09;2.20
2017-12-09;2017-12-10;1.10
2017-12-10;2017-12-11;1.90
2017-12-11;2017-12-12;2.30
2017-12-12;2017-12-13;3.30
2017-12-13;2017-12-14;2.60
2017-12-14;2017-12-15;3.80
2017-12-15;2017-12-16;4.70
2017-12-16;2017-12-17;2.60
2017-12-17;2017-12-18;5.10
2017-12-18;2017-12-19;5.30
2017-12-19;2017-12-20;2.20
2017-12-20;2017-12-21;2.10
2017-12-21;2017-12-22;1.80
2017-12-22;2017-12-23;1.50
2017-12-23;2017-12-24;1.20
2017-12-24;2017-12-25;0.800
2017-12-25;2017-12-26;2.40
2017-12-26;2017-12-27;2.00
2017-12-27;2017-12-28;3.20
2017-12-28;2017-12-29;5.30
2017-12-29;2017-12-30;2.50
2017-12-30;2017-12-31;1.50
2017-12-31;2018-01-01;4.30
2018-01-01;2018-01-02;
2018-01-02;2018-01-03;
2018-01-03;2018-01-04;
2018-01-04;2018-01-05;1.60
2018-01-05;2018-01-06;1.40
2018-01-06;2018-01-07;0.800
2018-01-07;2018-01-08;1.00
2018-01-08;2018-01-09;2.20
2018-01-09;2018-01-10;3.50
2018-01-10;2018-01-11;4.90
2018-01-11;2018-01-12;4.50
2018-01-12;2018-01-13;2.40
2018-01-13;2018-01-14;3.80
2018-01-14;2018-01-15;3.70
2018-01-15;2018-01-16;6.50
2018-01-16;2018-01-17;8.10
2018-01-17;2018-01-18;6.20
2018-01-18;2018-01-19;
2018-01-19;2018-01-20;4.10
2018-01-20;2018-01-21;6.90
2018-01-21;2018-01-22;6.40
2018-01-22;2018-01-23;4.50
2018-01-23;2018-01-24;5.10
2018-01-24;2018-01-25;3.10
2018-01-25;2018-01-26;1.30
2018-01-26;2018-01-27;3.50
2018-01-27;2018-01-28;2.40
2018-01-28;2018-01-29;4.00
2018-01-29;2018-01-30;4.20
2018-01-30;2018-01-31;3.10
2018-01-31;2018-02-01;3.90
2018-02-01;2018-02-02;
2018-02-02;2018-02-03;3.80
2018-02-03;2018-02-04;3.50
2018-02-04;2018-02-05;4.10
2018-02-05;2018-02-06;7.10
2018-02-06;2018-02-07;2.90
2018-02-07;2018-02-08;5.10
2018-02-08;2018-02-09;9.60
2018-02-09;2018-02-10;5.10
2018-02-10;2018-02-11;3.70
2018-02-11;2018-02-12;3.70
2018-02-12;2018-02-13;9.90
2018-02-13;2018-02-14;6.10
2018-02-14;2018-02-15;2.50
2018-02-15;2018-02-16;4.00
2018-02-16;2018-02-17;6.60
2018-02-17;2018-02-18;6.10
2018-02-18;2018-02-19;7.00
2018-02-19;2018-02-20;9.70
2018-02-20;2018-02-21;7.80
2018-02-21;2018-02-22;7.10
2018-02-22;2018-02-23;6.20
2018-02-23;2018-02-24;4.40
2018-02-24;2018-02-25;4.80
2018-02-25;2018-02-26;2.00
2018-02-26;2018-02-27;1.80
2018-02-27;2018-02-28;7.50
2018-02-28;2018-03-01;9.30
2018-03-01;2018-03-02;7.30
2018-03-02;2018-03-03;4.00
2018-03-03;2018-03-04;3.20
2018-03-04;2018-03-05;2.50
2018-03-05;2018-03-06;2.80
2018-03-06;2018-03-07;4.30
2018-03-07;2018-03-08;3.90
2018-03-08;2018-03-09;4.60
2018-03-09;2018-03-10;5.90
2018-03-10;2018-03-11;6.00
2018-03-11;2018-03-12;7.10
2018-03-12;2018-03-13;6.50
2018-03-13;2018-03-14;4.60
2018-03-14;2018-03-15;2.40
2018-03-15;2018-03-16;2.30
2018-03-16;2018-03-17;2.50
2018-03-17;2018-03-18;2.20
2018-03-18;2018-03-19;1.20
2018-03-19;2018-03-20;1.30
2018-03-20;2018-03-21;3.80
2018-03-21;2018-03-22;2.10
2018-03-22;2018-03-23;1.30
2018-03-23;2018-03-24;4.00
2018-03-24;2018-03-25;2.80
2018-03-25;2018-03-26;2.80
2018-03-26;2018-03-27;2.40
2018-03-27;2018-03-28;2.20
2018-03-28;2018-03-29;1.80
2018-03-29;2018-03-30;2.70
2018-03-30;2018-03-31;2.20
2018-03-31;2018-04-01;3.40
2018-04-01;2018-04-02;3.80
2018-04-02;2018-04-03;3.00
2018-04-03;2018-04-04;5.10
2018-04-04;2018-04-05;5.20
2018-04-05;2018-04-06;2.00
2018-04-06;2018-04-07;1.30
2018-04-07;2018-04-08;1.90
2018-04-08;2018-04-09;2.30
2018-04-09;2018-04-10;1.70
2018-04-10;2018-04-11;4.70
2018-04-11;2018-04-12;3.20
2018-04-12;2018-04-13;6.50
2018-04-13;2018-04-14;6.60
2018-04-14;2018-04-15;7.70
2018-04-15;2018-04-16;19.7
2018-04-16;2018-04-17;19.4
2018-04-17;2018-04-18;18.1
2018-04-18;2018-04-19;7.80
2018-04-19;2018-04-20;12.2
2018-04-20;2018-04-21;3.60
2018-04-21;2018-04-22;3.60
2018-04-22;2018-04-23;3.50
2018-04-23;2018-04-24;2.70
2018-04-24;2018-04-25;7.00
2018-04-25;2018-04-26;6.20
2018-04-26;2018-04-27;6.30
2018-04-27;2018-04-28;4.00
2018-04-28;2018-04-29;4.50
2018-04-29;2018-04-30;4.00
2018-04-30;2018-05-01;4.80
2018-05-01;2018-05-02;2.80
2018-05-02;2018-05-03;3.10
2018-05-03;2018-05-04;1.40
2018-05-04;2018-05-05;3.20
2018-05-05;2018-05-06;4.50
2018-05-06;2018-05-07;6.50
2018-05-07;2018-05-08;2.80
2018-05-08;2018-05-09;6.70
2018-05-09;2018-05-10;3.70
2018-05-10;2018-05-11;6.50
2018-05-11;2018-05-12;8.60
2018-05-12;2018-05-13;
2018-05-13;2018-05-14;11.3
2018-05-14;2018-05-15;10.0
2018-05-15;2018-05-16;12.6
2018-05-16;2018-05-17;3.10
2018-05-17;2018-05-18;2.40
2018-05-18;2018-05-19;3.60
2018-05-19;2018-05-20;3.90
2018-05-20;2018-05-21;10.0
2018-05-21;2018-05-22;13.3
2018-05-22;2018-05-23;4.70
2018-05-23;2018-05-24;7.90
2018-05-24;2018-05-25;
2018-05-25;2018-05-26;19.2
2018-05-26;2018-05-27;7.40
2018-05-27;2018-05-28;4.60
2018-05-28;2018-05-29;15.2
2018-05-29;2018-05-30;26.3
2018-05-30;2018-05-31;3.80
2018-05-31;2018-06-01;5.40
2018-06-01;2018-06-02;9.00
2018-06-02;2018-06-03;4.20
2018-06-03;2018-06-04;4.80
2018-06-04;2018-06-05;14.1
2018-06-05;2018-06-06;1.80
2018-06-06;2018-06-07;1.70
2018-06-07;2018-06-08;2.30
2018-06-08;2018-06-09;2.60
2018-06-09;2018-06-10;2.20
2018-06-10;2018-06-11;2.50
2018-06-11;2018-06-12;2.90
2018-06-12;2018-06-13;1.60
2018-06-13;2018-06-14;2.40
2018-06-14;2018-06-15;2.70
2018-06-15;2018-06-16;9.00
2018-06-16;2018-06-17;3.90
2018-06-17;2018-06-18;3.80
2018-06-18;2018-06-19;4.40
2018-06-19;2018-06-20;3.50
2018-06-20;2018-06-21;2.10
2018-06-21;2018-06-22;0.800
2018-06-22;2018-06-23;2.30
2018-06-23;2018-06-24;1.60
2018-06-24;2018-06-25;2.10
2018-06-25;2018-06-26;1.50
2018-06-26;2018-06-27;2.70
2018-06-27;2018-06-28;2.40
2018-06-28;2018-06-29;2.80
2018-06-29;2018-06-30;1.20
2018-06-30;2018-07-01;0.900
2018-07-01;2018-07-02;1.10
2018-07-02;2018-07-03;2.20
2018-07-03;2018-07-04;3.20
2018-07-04;2018-07-05;2.40
2018-07-05;2018-07-06;5.00
2018-07-06;2018-07-07;3.80
2018-07-07;2018-07-08;2.30
2018-07-08;2018-07-09;2.60
2018-07-09;2018-07-10;3.80
2018-07-10;2018-07-11;4.60
2018-07-11;2018-07-12;4.60
2018-07-12;2018-07-13;6.50
2018-07-13;2018-07-14;5.80
2018-07-14;2018-07-15;6.10
2018-07-15;2018-07-16;6.70
2018-07-16;2018-07-17;2.60
2018-07-17;2018-07-18;3.80
2018-07-18;2018-07-19;7.50
2018-07-19;2018-07-20;4.80
2018-07-20;2018-07-21;5.90
2018-07-21;2018-07-22;7.90
2018-07-22;2018-07-23;7.60
2018-07-23;2018-07-24;6.10
2018-07-24;2018-07-25;5.00
2018-07-25;2018-07-26;5.00
2018-07-26;2018-07-27;3.70
2018-07-27;2018-07-28;2.10
2018-07-28;2018-07-29;5.40
2018-07-29;2018-07-30;10.1
2018-07-30;2018-07-31;14.1
2018-07-31;2018-08-01;12.4
2018-08-01;2018-08-02;10.7
2018-08-02;2018-08-03;9.70
2018-08-03;2018-08-04;4.40
2018-08-04;2018-08-05;1.30
2018-08-05;2018-08-06;1.70
2018-08-06;2018-08-07;0.900
2018-08-07;2018-08-08;1.60
2018-08-08;2018-08-09;6.90
2018-08-09;2018-08-10;9.10
2018-08-10;2018-08-11;9.60
2018-08-11;2018-08-12;2.10
2018-08-12;2018-08-13;1.60
2018-08-13;2018-08-14;1.30
2018-08-14;2018-08-15;1.60
2018-08-15;2018-08-16;2.20
2018-08-16;2018-08-17;3.90
2018-08-17;2018-08-18;6.30
2018-08-18;2018-08-19;3.50
2018-08-19;2018-08-20;1.80
2018-08-20;2018-08-21;1.70
2018-08-21;2018-08-22;1.10
2018-08-22;2018-08-23;1.90
2018-08-23;2018-08-24;1.80
2018-08-24;2018-08-25;3.80
2018-08-25;2018-08-26;2.60
2018-08-26;2018-08-27;1.70
2018-08-27;2018-08-28;1.60
2018-08-28;2018-08-29;2.50
2018-08-29;2018-08-30;3.30
2018-08-30;2018-08-31;3.80
2018-08-31;2018-09-01;1.60
2018-09-01;2018-09-02;2.80
2018-09-02;2018-09-03;2.80
2018-09-03;2018-09-04;4.80
2018-09-04;2018-09-05;3.60
2018-09-05;2018-09-06;2.30
2018-09-06;2018-09-07;2.60
2018-09-07;2018-09-08;2.50
2018-09-08;2018-09-09;4.10
2018-09-09;2018-09-10;7.70
2018-09-10;2018-09-11;4.30
2018-09-11;2018-09-12;2.10
2018-09-12;2018-09-13;1.30
2018-09-13;2018-09-14;0.800
2018-09-14;2018-09-15;3.10
2018-09-15;2018-09-16;1.50
2018-09-16;2018-09-17;0.800
2018-09-17;2018-09-18;1.80
2018-09-18;2018-09-19;2.70
2018-09-19;2018-09-20;5.10
2018-09-20;2018-09-21;4.40
2018-09-21;2018-09-22;4.00
2018-09-22;2018-09-23;1.50
2018-09-23;2018-09-24;0.900
2018-09-24;2018-09-25;1.60
2018-09-25;2018-09-26;0.900
2018-09-26;2018-09-27;4.20
2018-09-27;2018-09-28;1.90
2018-09-28;2018-09-29;2.00
2018-09-29;2018-09-30;1.30
2018-09-30;2018-10-01;0.800
2018-10-01;2018-10-02;1.40
2018-10-02;2018-10-03;2.60
2018-10-03;2018-10-04;3.40
2018-10-04;2018-10-05;1.90
2018-10-05;2018-10-06;1.00
2018-10-06;2018-10-07;1.20
2018-10-07;2018-10-08;2.00
2018-10-08;2018-10-09;1.60
2018-10-09;2018-10-10;3.60
2018-10-10;2018-10-11;1.60
2018-10-11;2018-10-12;2.50
2018-10-12;2018-10-13;9.40
2018-10-13;2018-10-14;12.9
2018-10-14;2018-10-15;11.0
2018-10-15;2018-10-16;10.2
2018-10-16;2018-10-17;2.90
2018-10-17;2018-10-18;2.20
2018-10-18;2018-10-19;1.60
2018-10-19;2018-10-20;4.20
2018-10-20;2018-10-21;3.40
2018-10-21;2018-10-22;1.80
2018-10-22;2018-10-23;1.00
2018-10-23;2018-10-24;5.40
2018-10-24;2018-10-25;2.20
2018-10-25;2018-10-26;1.10
2018-10-26;2018-10-27;0.900
2018-10-27;2018-10-28;2.10
2018-10-28;2018-10-29;2.40
2018-10-29;2018-10-30;2.20
2018-10-30;2018-10-31;2.10
2018-10-31;2018-11-01;2.50
2018-11-01;2018-11-02;2.80
2018-11-02;2018-11-03;1.90
2018-11-03;2018-11-04;1.30
2018-11-04;2018-11-05;2.60
2018-11-05;2018-11-06;4.30
2018-11-06;2018-11-07;1.70
2018-11-07;2018-11-08;1.90
2018-11-08;2018-11-09;2.60
2018-11-09;2018-11-10;1.40
2018-11-10;2018-11-11;2.10
2018-11-11;2018-11-12;4.20
2018-11-12;2018-11-13;4.60
2018-11-13;2018-11-14;3.00
2018-11-14;2018-11-15;3.30
2018-11-15;2018-11-16;2.00
2018-11-16;2018-11-17;2.50
2018-11-17;2018-11-18;1.40
2018-11-18;2018-11-19;1.60
2018-11-19;2018-11-20;3.00
2018-11-20;2018-11-21;2.80
2018-11-21;2018-11-22;3.80
2018-11-22;2018-11-23;9.20
2018-11-23;2018-11-24;3.90
2018-11-24;2018-11-25;2.20
2018-11-25;2018-11-26;2.40
2018-11-26;2018-11-27;1.20
2018-11-27;2018-11-28;2.40
2018-11-28;2018-11-29;4.60
2018-11-29;2018-11-30;8.10
2018-11-30;2018-12-01;6.40
2018-12-01;2018-12-02;5.90
2018-12-02;2018-12-03;4.90
2018-12-03;2018-12-04;6.90
2018-12-04;2018-12-05;3.00
2018-12-05;2018-12-06;1.50
2018-12-06;2018-12-07;1.80
2018-12-07;2018-12-08;3.30
2018-12-08;2018-12-09;1.90
2018-12-09;2018-12-10;0.900
2018-12-10;2018-12-11;1.60
2018-12-11;2018-12-12;1.70
2018-12-12;2018-12-13;5.30
2018-12-13;2018-12-14;7.60
2018-12-14;2018-12-15;3.60
2018-12-15;2018-12-16;4.50
2018-12-16;2018-12-17;4.30
2018-12-17;2018-12-18;4.20
2018-12-18;2018-12-19;5.10
2018-12-19;2018-12-20;3.50
2018-12-20;2018-12-21;4.60
2018-12-21;2018-12-22;5.10
2018-12-22;2018-12-23;4.10
2018-12-23;2018-12-24;7.70
2018-12-24;2018-12-25;5.80
2018-12-25;2018-12-26;1.90
2018-12-26;2018-12-27;2.70
2018-12-27;2018-12-28;1.70
2018-12-28;2018-12-29;2.80
2018-12-29;2018-12-30;1.40
2018-12-30;2018-12-31;1.40
2018-12-31;2019-01-01;2.10
